epoch,time,train/box_loss,train/cls_loss,train/dfl_loss,metrics/precision(B),metrics/recall(B),metrics/mAP50(B),metrics/mAP50-95(B),val/box_loss,val/cls_loss,val/dfl_loss,lr/pg0,lr/pg1,lr/pg2
1,46.4465,1.85004,4.58288,0.00614,0.53384,0.32683,0.33327,0.18778,1.43309,2.30516,0.00458,0.000406977,0.000406977,0.000406977
2,66.2063,1.66138,2.05287,0.00525,0.57585,0.42635,0.35961,0.21005,1.37498,2.24095,0.00449,0.000813451,0.000813451,0.000813451
3,85.1798,1.65324,1.75371,0.00537,0.83025,0.36151,0.41186,0.23985,1.41752,1.72209,0.00459,0.00120961,0.00120961,0.00120961
4,103.628,1.58334,1.55841,0.00514,0.63171,0.46644,0.46153,0.27576,1.41543,1.61866,0.00443,0.00120359,0.00120359,0.00120359
5,122.31,1.56142,1.41895,0.00488,0.61344,0.42191,0.63571,0.37683,1.36969,2.00293,0.00447,0.00118812,0.00118812,0.00118812
6,141.09,1.50051,1.35169,0.00459,0.84067,0.33231,0.59236,0.32899,1.33832,2.03128,0.00426,0.00117266,0.00117266,0.00117266
7,159.576,1.51591,1.3024,0.00477,0.71199,0.50563,0.60268,0.32922,1.50152,1.47496,0.00479,0.00115719,0.00115719,0.00115719
8,178.331,1.4816,1.21793,0.00468,0.68633,0.54821,0.52699,0.34558,1.17123,1.16682,0.00351,0.00114172,0.00114172,0.00114172
9,197.031,1.45106,1.16197,0.00444,0.36175,0.62609,0.58771,0.39336,1.24698,1.12101,0.00398,0.00112625,0.00112625,0.00112625
10,215.561,1.44137,1.13127,0.00463,0.46821,0.78312,0.61089,0.38138,1.4953,1.5865,0.0047,0.00111078,0.00111078,0.00111078
11,234.219,1.44667,1.09275,0.00462,0.46211,0.93258,0.74311,0.5036,1.20251,0.97679,0.00387,0.00109531,0.00109531,0.00109531
12,252.872,1.38319,1.06806,0.00443,0.44101,0.88162,0.62246,0.43857,1.12477,1.0662,0.00343,0.00107984,0.00107984,0.00107984
13,271.631,1.35911,1.04079,0.00415,0.80774,0.60945,0.78764,0.53807,1.22607,1.11802,0.004,0.00106437,0.00106437,0.00106437
14,290.312,1.4248,1.04465,0.00434,0.36493,0.66421,0.60963,0.42524,1.13711,1.43673,0.00346,0.00104891,0.00104891,0.00104891
15,308.88,1.3649,1.01228,0.00439,0.56654,0.87311,0.69615,0.50017,1.08218,0.84043,0.00348,0.00103344,0.00103344,0.00103344
16,327.358,1.33778,0.95568,0.00434,0.47553,0.87108,0.62712,0.43576,1.14613,1.01957,0.00344,0.00101797,0.00101797,0.00101797
17,346.064,1.34956,0.96675,0.00407,0.5935,0.79172,0.81616,0.58757,1.19002,0.9783,0.00359,0.0010025,0.0010025,0.0010025
18,364.645,1.33423,0.94588,0.00424,0.51522,0.82076,0.8432,0.62601,1.16525,0.95885,0.00344,0.000987031,0.000987031,0.000987031
19,383.199,1.31454,0.90999,0.00421,0.78798,0.56137,0.58519,0.40963,1.12633,0.95828,0.00362,0.000971562,0.000971562,0.000971562
20,401.835,1.32967,0.89478,0.00421,0.78859,0.71309,0.86578,0.67437,1.00633,0.79031,0.00312,0.000956094,0.000956094,0.000956094
21,420.353,1.30007,0.84342,0.00415,0.45965,0.84116,0.60514,0.44135,1.07205,0.92467,0.00333,0.000940625,0.000940625,0.000940625
22,439.055,1.31029,0.82653,0.00402,0.5926,0.52562,0.62481,0.43266,1.1554,0.89873,0.00354,0.000925156,0.000925156,0.000925156
23,457.476,1.26861,0.8035,0.00386,0.58712,0.86345,0.69451,0.51298,1.08572,0.82706,0.00333,0.000909688,0.000909688,0.000909688
24,476.029,1.27233,0.78944,0.00386,0.52455,0.60042,0.63503,0.4471,1.13814,0.81537,0.00354,0.000894219,0.000894219,0.000894219
25,494.64,1.24674,0.77642,0.00375,0.74234,0.70848,0.75029,0.57704,1.02378,0.84631,0.00316,0.00087875,0.00087875,0.00087875
26,513.092,1.24233,0.8001,0.00391,0.6958,0.79836,0.75381,0.55482,1.08333,0.76498,0.00332,0.000863281,0.000863281,0.000863281
27,531.661,1.23356,0.76478,0.00385,0.54992,0.83075,0.62808,0.45063,1.07742,0.82846,0.00344,0.000847813,0.000847813,0.000847813
28,550.38,1.19536,0.72571,0.00364,0.54028,0.60547,0.64352,0.46241,1.1022,0.84796,0.00332,0.000832344,0.000832344,0.000832344
29,568.842,1.20159,0.73284,0.00374,0.6048,0.79033,0.72992,0.52573,1.21073,0.88672,0.00383,0.000816875,0.000816875,0.000816875
30,587.438,1.23377,0.74954,0.00374,0.85517,0.81745,0.90418,0.69468,1.05694,0.70379,0.00337,0.000801406,0.000801406,0.000801406
31,606.1,1.20033,0.72436,0.00371,0.75799,0.82505,0.865,0.64155,1.10298,0.82515,0.00356,0.000785938,0.000785938,0.000785938
32,624.782,1.19344,0.70385,0.00368,0.61123,0.83195,0.87916,0.68368,1.06345,0.77166,0.00343,0.000770469,0.000770469,0.000770469
33,643.368,1.14942,0.67251,0.00345,0.81801,0.81959,0.88773,0.68907,1.05167,0.75761,0.00335,0.000755,0.000755,0.000755
34,661.9,1.15372,0.63937,0.00345,0.78289,0.73456,0.75831,0.57157,1.05581,0.77373,0.00351,0.000739531,0.000739531,0.000739531
35,680.672,1.15825,0.64739,0.00348,0.65341,0.80326,0.87119,0.6462,1.07172,0.80217,0.0036,0.000724062,0.000724062,0.000724062
36,699.177,1.16636,0.64954,0.0035,0.77546,0.73054,0.88294,0.68082,1.10144,0.77609,0.00344,0.000708594,0.000708594,0.000708594
37,717.701,1.1659,0.63409,0.00343,0.89245,0.74514,0.8859,0.67711,1.11386,0.76955,0.00353,0.000693125,0.000693125,0.000693125
38,736.415,1.11643,0.60852,0.00325,0.7369,0.7703,0.73427,0.55802,1.00107,0.74873,0.00321,0.000677656,0.000677656,0.000677656
39,754.997,1.0867,0.60048,0.00316,0.7776,0.74105,0.87344,0.67554,1.03331,0.79751,0.00329,0.000662188,0.000662188,0.000662188
40,773.588,1.06161,0.57376,0.00304,0.59532,0.79457,0.85311,0.62883,1.07856,0.87807,0.00338,0.000646719,0.000646719,0.000646719
41,792.273,1.07983,0.58634,0.00318,0.83187,0.56915,0.61405,0.44903,1.03075,0.7879,0.00332,0.00063125,0.00063125,0.00063125
42,810.921,1.04522,0.56412,0.00309,0.61458,0.78132,0.83687,0.61876,1.04446,0.83578,0.00337,0.000615781,0.000615781,0.000615781
43,829.494,1.03175,0.56919,0.00307,0.77418,0.73658,0.76391,0.58111,1.07081,0.74013,0.00335,0.000600313,0.000600313,0.000600313
44,848.132,1.00777,0.53834,0.00283,0.84958,0.81857,0.89243,0.69895,1.02491,0.70971,0.00329,0.000584844,0.000584844,0.000584844
45,866.66,1.00211,0.53707,0.0029,0.82823,0.82491,0.87747,0.69884,1.00106,0.71179,0.00324,0.000569375,0.000569375,0.000569375
46,885.235,0.99543,0.52953,0.00282,0.67164,0.79091,0.85195,0.64558,1.01139,0.86134,0.00328,0.000553906,0.000553906,0.000553906
47,903.679,0.96781,0.51679,0.00293,0.77172,0.77343,0.8665,0.67927,1.01036,0.78193,0.00333,0.000538438,0.000538438,0.000538438
48,922.324,0.97855,0.52304,0.00302,0.68395,0.71039,0.79915,0.61656,1.08257,0.96737,0.00362,0.000522969,0.000522969,0.000522969
49,940.815,0.9625,0.50175,0.00279,0.84938,0.73282,0.87672,0.66451,1.01437,0.7611,0.0033,0.0005075,0.0005075,0.0005075
50,959.356,0.96693,0.51893,0.00279,0.83232,0.80393,0.8654,0.64679,1.04455,0.77288,0.00341,0.000492031,0.000492031,0.000492031
51,977.762,0.93557,0.49591,0.00277,0.67063,0.84666,0.80051,0.61736,1.00588,0.82383,0.00325,0.000476562,0.000476562,0.000476562
52,996.265,0.92118,0.46619,0.0027,0.83881,0.70815,0.86472,0.6559,1.03011,0.77358,0.00337,0.000461094,0.000461094,0.000461094
53,1014.95,0.94234,0.4755,0.00274,0.67834,0.65914,0.80072,0.62379,1.05836,0.99861,0.00341,0.000445625,0.000445625,0.000445625
54,1033.5,0.90976,0.46644,0.00263,0.66464,0.80743,0.86521,0.66998,1.05041,0.78484,0.00334,0.000430156,0.000430156,0.000430156
55,1052.03,0.92112,0.46859,0.00273,0.61709,0.84593,0.86051,0.64956,1.03788,0.82747,0.00336,0.000414688,0.000414688,0.000414688
56,1070.69,0.87194,0.45185,0.00253,0.83497,0.742,0.8714,0.68792,0.99323,0.79076,0.00319,0.000399219,0.000399219,0.000399219
57,1089.22,0.87259,0.44426,0.00256,0.70481,0.82902,0.8802,0.69163,1.00912,0.7415,0.00327,0.00038375,0.00038375,0.00038375
58,1107.9,0.84716,0.43166,0.00246,0.81612,0.78484,0.86953,0.6754,1.07504,0.78632,0.00345,0.000368281,0.000368281,0.000368281
59,1126.45,0.86322,0.44354,0.00253,0.65336,0.79274,0.84869,0.65171,1.08183,0.84993,0.00346,0.000352812,0.000352812,0.000352812
60,1144.98,0.8391,0.42838,0.00238,0.7941,0.69419,0.87968,0.66287,1.04664,0.78651,0.00339,0.000337344,0.000337344,0.000337344
61,1163.52,0.81763,0.41211,0.00234,0.82486,0.74206,0.86847,0.67621,1.04575,0.80648,0.00342,0.000321875,0.000321875,0.000321875
62,1181.97,0.82784,0.4214,0.00244,0.66933,0.81774,0.79367,0.59963,1.01271,0.78664,0.00334,0.000306406,0.000306406,0.000306406
63,1200.53,0.82401,0.4208,0.00246,0.66754,0.78224,0.68271,0.51033,1.02999,0.81701,0.00335,0.000290937,0.000290937,0.000290937
64,1219.08,0.81129,0.39728,0.00235,0.70394,0.8149,0.69786,0.5268,1.01445,0.8182,0.00326,0.000275469,0.000275469,0.000275469
65,1237.64,0.79504,0.39066,0.0023,0.67644,0.83306,0.79598,0.61491,1.01395,0.78956,0.00332,0.00026,0.00026,0.00026
66,1256.08,0.79158,0.40345,0.00225,0.74868,0.79528,0.88006,0.6961,1.02213,0.79083,0.00334,0.000244531,0.000244531,0.000244531
67,1274.63,0.77847,0.38716,0.00224,0.72246,0.79424,0.75812,0.58779,1.00189,0.81464,0.00325,0.000229063,0.000229063,0.000229063
68,1293.32,0.77034,0.39204,0.00228,0.7244,0.79323,0.83491,0.64946,1.02104,0.79306,0.00328,0.000213594,0.000213594,0.000213594
69,1311.74,0.77276,0.37918,0.00224,0.63199,0.84004,0.65729,0.48946,1.04104,0.82925,0.00334,0.000198125,0.000198125,0.000198125
70,1330.28,0.75132,0.37895,0.0021,0.60744,0.59413,0.64038,0.47322,1.04842,0.82613,0.00335,0.000182656,0.000182656,0.000182656
71,1351.42,0.73444,0.33176,0.00239,0.75398,0.79315,0.8306,0.63805,1.06213,0.81,0.00338,0.000167188,0.000167188,0.000167188
72,1369.7,0.71652,0.31757,0.00223,0.87306,0.75217,0.8644,0.67714,1.03779,0.79319,0.00334,0.000151719,0.000151719,0.000151719
73,1388.28,0.70032,0.31012,0.00219,0.67354,0.81398,0.7823,0.61395,1.02288,0.82123,0.00329,0.00013625,0.00013625,0.00013625
74,1406.5,0.69882,0.30696,0.00223,0.59398,0.60813,0.63524,0.47248,1.04147,0.8151,0.00331,0.000120781,0.000120781,0.000120781
75,1424.88,0.67007,0.29947,0.00204,0.63664,0.88312,0.70091,0.53695,1.01925,0.81049,0.00328,0.000105312,0.000105312,0.000105312
76,1443.23,0.68317,0.30533,0.00212,0.64565,0.86857,0.70328,0.53014,1.02629,0.83327,0.0033,8.98437e-05,8.98437e-05,8.98437e-05
77,1461.63,0.66913,0.29831,0.00211,0.73659,0.80304,0.78705,0.60735,1.03086,0.82431,0.00332,7.4375e-05,7.4375e-05,7.4375e-05
78,1480.04,0.66138,0.28831,0.00204,0.72074,0.80692,0.7857,0.60931,1.02526,0.83224,0.00331,5.89062e-05,5.89062e-05,5.89062e-05
79,1498.35,0.65934,0.29517,0.00212,0.72789,0.81611,0.82911,0.64574,1.02845,0.80715,0.00331,4.34375e-05,4.34375e-05,4.34375e-05
80,1516.71,0.64543,0.28249,0.00194,0.73553,0.81282,0.78652,0.60563,1.03288,0.80959,0.00332,2.79687e-05,2.79687e-05,2.79687e-05
